0,1,2,3,4,5,6,7,8,label
-18518.5929003,-11835.4143942,4723.18580979,-4931.60593006,6881.9332913,-1332.3770408,6317.10817391,-5161.64889095,1569.88103565,lazy_college_senior
18868.3768062,-11299.8312796,-8299.22249322,16686.5808851,-2012.34187332,-3035.60211168,-8608.58153314,-8689.33456778,1739.60766,advice_god
2912.53357653,11726.694084,168.117716334,-4223.6238804,2491.0202475,439.914104096,-477.605877551,-2266.75196458,194.292034438,confession_bear
-2260.49802822,-12406.4132694,1216.12413624,-2374.49282844,5467.10550354,-1599.75396859,6585.1426756,825.369952629,1092.19360206,evil_toddler
15045.0094385,-2057.71606372,-4784.03720823,-4020.50485119,-10314.30051,4288.8455035,-4219.04779276,6772.52427115,-2557.50057925,college_liberal
2873.69382664,11147.480478,-8166.03824867,63.5764726663,5505.08254906,17101.4987579,-943.946976866,556.296157217,15609.4541238,business_cat
-1563.46134873,-13827.1146026,1095.44680617,-1836.98436353,5072.55028729,-887.717041516,8450.60718633,1676.36725159,1219.19321506,evil_toddler
-34259.1498325,1913.50352968,-7140.06065743,6203.15147541,-7997.47486944,3275.81962825,3846.31359365,-1080.94551026,1818.71475902,unpopular_opinion_puffin
18719.8949071,-10941.9239446,-7556.94228676,16256.8874436,-1906.82062608,-2151.51185092,-8328.99920501,-9526.44522107,2417.59807643,advice_god
10176.8334271,-4936.91858174,-561.79481147,3186.35590491,9724.18017882,-4681.34685357,7292.67663739,-1329.83141381,-3708.61685516,religion_pigeon
17078.8742737,-8717.50980375,-1063.55298604,-574.274669533,-1512.84567998,1817.58167589,1752.54278802,3569.05674317,-2395.48323978,minor_mistake_marvin
-17094.3260964,5291.23108564,-7576.23543345,2438.03525485,3329.26832292,-1525.60262181,6881.13784803,1848.80343583,1817.80974383,good_guy_greg
-30393.3500096,-3799.69488012,-2208.73865844,4517.78439759,-9844.04829834,2233.05493602,1124.87606675,-3214.84316551,-4865.4388367,bad_joke_eel
-586.436949899,13322.8006098,-5690.09327755,-3503.21954435,5266.85660951,1315.17052774,-1133.95087867,-1603.67763127,270.046745488,good_guy_greg
-6412.49539359,20460.2879324,3226.66467547,-71.548155199,7989.45337842,215.097377896,-3126.07536305,-7475.44263085,-8886.13324549,high_expectations_asian_father
1957.35701133,11864.136788,20.5815966201,-2053.27432238,3683.509308,5235.13005054,-4563.97809577,600.891639212,-6077.8616135,philosoraptor
8378.67367847,4108.43253866,1970.42676593,-4904.4386542,1618.09300418,-681.053862181,1962.42723571,81.9925458891,790.602755006,confession_bear
2197.90400984,11403.3728025,-8164.77161984,198.12044197,5469.84889809,17316.507753,-1349.64928081,1091.56438768,15927.7293941,business_cat
-93.1518720122,-14165.7802896,1853.41830604,-2570.68602363,5164.59517185,-1048.74350191,6657.33990037,1856.72696154,697.941597665,evil_toddler
-11028.5392364,-17155.8260899,4822.37854636,-2299.5416364,5868.84917,-882.906790783,8155.9946229,-1488.95634746,5262.83016151,lazy_college_senior
2479.23788782,1964.55190503,-1832.96570918,-1738.31219986,4040.26647185,-655.011475447,2249.88697502,-873.262724016,-896.236567323,overly_attached_girlfriend
3011.83156595,11149.7306267,-8217.61304929,1646.59709749,5358.84200635,16292.7291646,647.613089592,1443.93837074,13363.953875,business_cat
20148.1772648,-15057.1272898,2989.6595195,-3272.77610942,44.911261219,2739.78560961,3370.43573733,1591.91538467,-2368.62917419,first_day_on_the_internet_kid
-11680.7730631,-16776.3748659,4031.31955168,-4200.80363028,4752.0419244,-71.3206797751,9601.51780975,-2039.08799099,1410.18640457,lazy_college_senior
-18486.9546307,-13770.1884251,6779.78618512,-8973.19265823,6663.23305711,-846.101299623,-6736.92045414,-3347.86043629,4298.95683314,sudden_clarity_clarence
2221.67990913,11572.7568793,31906.2106172,14796.5001201,-1394.99921699,-1341.95126542,2501.35170863,6220.35101205,4491.95286831,socially_awkward_penguin
14259.6871206,-4964.74578073,-134.195346452,-7627.69837564,-5217.96537707,-4601.55688961,1459.18560446,-339.842571361,31.3330306386,sheltered_college_freshman
3057.79855949,12062.5556057,4809.49132268,-8590.85922066,-9238.6817321,-7901.03132594,-2963.96843724,709.193204313,3747.23551163,bad_luck_brian
-15824.4490223,642.494885432,-14624.5162783,6719.95353529,7000.79196962,-16246.8514758,-2562.26495735,16294.9718829,454.606630848,paranoid_parrot
4216.9410457,7287.01728067,28539.7295195,13304.994369,-1648.39197432,-1113.9945006,1191.89550361,4839.45627442,2455.32116283,socially_awkward_penguin
13719.6326533,-6037.57287524,-52.2388953803,19.5729281423,2129.76995944,-3206.1066358,2736.49434715,-378.833655665,579.676972658,overly_attached_girlfriend
8442.82681035,-11507.9420065,5142.74691963,-7711.65065907,6411.80203083,-1087.16306548,2600.22049403,5979.56064504,-4965.51149246,minor_mistake_marvin
494.444957459,-6671.40617638,-3060.1948741,3232.46243815,4021.54526476,126.737233097,5083.66118554,2023.06595741,758.226311448,evil_toddler
4479.53266809,8593.94793882,-7049.5407987,1550.03437868,5529.87905257,15114.8836296,2377.96676559,1837.26006286,11647.7486516,business_cat
11335.5203668,1739.70720501,-3348.55441867,-9383.67762519,-9291.79824808,-9602.57306439,7289.33751642,-8303.31523103,4772.78911512,sheltered_college_freshman
-2031.34275751,20805.9794462,-129.036115851,-716.72147777,-49.2327268086,-904.146960906,-2032.04337608,-6140.61575379,-5449.86132252,high_expectations_asian_father
3793.92906285,11731.0998633,265.22288029,-2819.87631753,2682.17823764,173.5184254,2695.08740428,-1241.55161248,-2339.83027814,confession_bear
14949.0442031,-1186.90634118,-5245.3714764,-3979.95985061,-10796.6389695,4759.40905996,-4831.31275115,6972.5496711,-1907.09088317,college_liberal
11302.1621209,1560.59415086,-3459.34197271,-9625.64301203,-9629.81888241,-9670.31521191,8011.61065953,-8492.17291683,4293.02867562,sheltered_college_freshman
11397.7048892,1544.53229714,-3204.26116519,-9072.93335268,-9421.25433211,-9318.02360595,8568.94796354,-8310.78605542,4441.2828704,sheltered_college_freshman
4203.3007608,6239.99209475,28865.4626707,12770.5430112,-1815.00841242,190.205592752,1503.59034354,5566.06209436,2030.07549661,socially_awkward_penguin
-15214.9065934,1153.66694368,-12861.2413092,6852.14174823,8277.18281376,-17527.0817288,-1375.22220108,14655.6711603,4945.13910812,paranoid_parrot
-32887.8372963,-5448.94667622,-1922.7315152,3567.16267192,-7375.42183233,1231.8715707,2005.87509449,-5261.05494017,-3261.80498264,bad_joke_eel
20387.7638352,-15869.2339504,2934.49884329,-2898.09548672,207.446161937,3216.47512559,3377.27384269,2320.10345282,-4443.75342781,first_day_on_the_internet_kid
-31210.8389087,-4485.28735436,-2958.72254457,3741.89777414,-9125.8439531,1048.90127405,2037.37221069,-5346.52933583,-2010.95125799,bad_joke_eel
-1365.82921209,14082.5452223,7663.13228079,-6814.83727073,-4720.55602528,-8820.51231296,-3460.75963216,-2687.48067545,-229.449140148,bad_luck_brian
-10583.0604902,24979.9735787,-859.435042604,797.522660073,7644.96586257,940.372924392,-1677.23974982,-8562.1415244,-8218.35818959,high_expectations_asian_father
2383.74668533,15444.3156131,2564.32540789,-8015.90579561,-12974.6134301,-9048.3779492,-3708.71186394,290.500854099,5232.04165807,bad_luck_brian
14677.4691214,-1700.7124633,-5046.82704211,-4430.70603658,-11147.2682423,4439.98343883,-4432.17213486,6750.53111787,-1917.99762154,college_liberal
-2500.10165905,18630.0004237,2741.62252684,-1670.86265592,4804.7214057,-317.748879984,-4067.41429324,-6302.74096033,-7857.21380319,high_expectations_asian_father
18472.806856,-14821.3269923,982.489956297,1098.06855147,142.257418654,3241.78686653,-2139.51547228,3457.11275143,-1427.78890303,overly_attached_girlfriend
19263.2890741,-11493.8085958,-7407.83982508,16017.8296019,-1016.22491634,-2798.81430924,-8194.4160617,-8632.37322186,2377.18493918,advice_god
2778.64124301,11557.0109972,-24.1999753096,-1438.50867861,3441.68866525,6386.54799916,-2707.66691519,956.126904766,-7484.4304323,philosoraptor
2145.15168163,10730.1079069,1406.69230034,-3249.35187546,4610.2252707,280.32278686,2840.23040859,-2267.32553386,-1611.79932906,confession_bear
18118.6625143,-11245.7344263,-291.421917585,-1435.99365596,-465.63056182,2955.34879923,1500.90563631,4643.21387365,-2974.11950931,minor_mistake_marvin
899.526231123,10636.4403636,-191.207799555,-564.593510822,3576.76376646,4722.66545199,-1429.24348147,450.237219488,-4283.26797692,philosoraptor
-7958.30183842,21342.8089622,2839.76632012,906.678777601,7347.22343693,147.851371691,-3295.22741732,-7668.05386044,-10024.5474,high_expectations_asian_father
-32787.26747,-2320.51489509,-4695.08231508,6800.65183383,-10018.527186,5700.95465024,3664.81780286,2092.8235173,-6230.69943972,unpopular_opinion_puffin
-21062.6695507,-9832.86838994,2344.01006324,101.889945493,2537.66581484,-1025.68853694,3467.83287287,-4344.70398693,7438.67894646,unpopular_opinion_puffin
11783.4359077,725.090035978,-2652.12839296,-9395.69147049,-8468.62596198,-8236.70968738,8172.22914642,-7000.244292,3234.43143548,sheltered_college_freshman
-225.45682646,12736.5186276,-6239.70026853,-955.509401996,4556.95983852,1919.11129033,2881.28261513,-899.57674857,-1406.96028666,good_guy_greg
14638.589812,-1363.23594252,-5264.38196065,-3668.23515999,-11124.6676545,4214.71593424,-4253.29874962,6425.1190066,-1663.86465928,college_liberal
14815.5039193,-2289.4443386,-4910.26828221,-4862.4748091,-10851.8437568,4774.8978464,-5782.17147483,7544.18099044,-2414.75192169,college_liberal
-24905.1073649,-3680.82738878,-3940.72413445,4736.45827249,-11794.0679203,9153.8992995,3740.90578676,5310.61234875,-4068.8909825,unpopular_opinion_puffin
14686.059251,-765.918178824,-5226.08480898,-3937.669058,-11223.6251061,4551.67023701,-4450.06807929,7079.31712606,-2206.13875918,college_liberal
19418.7238501,-11746.6123166,-8381.67142135,17501.6565303,-1263.07953924,-2818.74859245,-8388.68079876,-10132.6515125,1876.8091403,advice_god
2318.45244615,12234.2548961,24.3666859544,-1935.46879547,3885.00123557,1406.90196768,2403.57343077,-1165.27065785,-1825.41332336,confession_bear
17707.8318908,-8903.19926371,-7831.98329389,15592.8484881,-2478.98288893,-3093.66842325,-7702.1731448,-9275.08269675,2352.26943498,advice_god
-16908.9959184,-13123.2802626,5451.78234703,-5322.63713673,8335.92867083,-3399.92652691,7790.31196902,-7019.62501364,6393.62997519,lazy_college_senior
5754.16150137,6785.18328454,29193.4127363,12868.4516469,-530.87949119,-1486.43188301,1824.06348997,6317.33374225,3143.39214372,socially_awkward_penguin
2817.13926663,7155.57379974,3068.73297059,-5639.16865408,4417.27404307,-24.3839443873,-1181.43089918,-1327.28542379,-2256.49296253,confession_bear
-33722.2911255,-6383.01842352,-164.068816846,3573.10608194,-4742.47844272,-1884.70141559,1523.75310315,-7713.92295228,-932.126465444,bad_joke_eel
2998.04461092,14461.083797,3129.1997692,-8801.22634017,-10827.4117601,-9220.72067987,-3596.024782,421.949291331,5174.78076531,bad_luck_brian
3536.47566843,7525.04189017,-6443.2858682,812.2697545,5738.47389257,12931.2767333,493.260309129,1131.62140531,12299.8463994,business_cat
15185.2314221,-3919.23983403,-3265.36879707,-5027.48705702,-9670.41810784,3201.83103039,-5119.36694201,7212.55780091,-1972.17518235,college_liberal
-2432.70925132,-13639.5831228,1711.98111833,-1903.06634174,6326.67117385,417.223714731,9556.19563302,968.820900179,1644.54580724,evil_toddler
1131.79474704,16310.0548897,3790.04754873,-7735.12251841,-10723.5544389,-9185.07732078,-5661.24628041,-409.011617962,4772.32513827,bad_luck_brian
-5629.11355662,20145.4058467,2974.80674788,725.971874038,5744.20432828,-614.350843,-3829.94124635,-7390.54838573,-8160.25843871,high_expectations_asian_father
19047.2765019,-13626.2987797,825.251764778,-2201.1761065,2350.97852447,5346.0714759,2785.73465497,5129.18524901,-3063.89002472,minor_mistake_marvin
-4558.74385674,-11061.8154678,3432.26066852,-5305.92266342,6763.3297486,-1589.00859956,6375.53411894,215.07784387,394.610759309,evil_toddler
3193.101415,10030.4202513,753.593522145,-2263.29632964,3292.41766271,7010.21122489,-4463.51272834,1857.06892224,-6756.17950857,philosoraptor
17810.6912128,-11982.0197054,2790.81556831,-4256.33915156,1175.39171614,1472.24421784,2810.34639913,957.496149036,-5307.82024252,first_day_on_the_internet_kid
-21497.9426757,-18927.5818767,9437.71162397,-12048.9249877,6401.9346494,-623.765240619,-15200.2846215,-1037.27222926,3470.20600888,sudden_clarity_clarence
3365.27585906,12064.8590574,-490.24913491,-2931.74123045,2549.88146483,39.3395694136,1065.49730797,-2526.63691745,163.555811649,confession_bear
-29434.9773263,-1965.69188942,-5656.6763571,6199.2959014,-8641.61432768,6922.05935986,6375.70237894,2743.19184166,246.931482138,unpopular_opinion_puffin
-34628.7158902,-6600.04706028,-1663.81720433,7242.26234016,-6607.45860496,593.942808382,4826.74860051,-4493.48755512,-3589.64524157,bad_joke_eel
-31756.003653,-5883.72664295,-2539.39082817,3936.64281895,-9870.36789386,1657.26824655,325.39118001,-3626.3481068,-5694.85662223,bad_joke_eel
3592.11988267,15219.9828632,3452.143736,-9042.34819003,-10477.2733479,-7285.55353275,-2884.97032144,325.129325138,6651.38283831,bad_luck_brian
19285.4975127,-11870.4883313,-7691.94070506,17019.6817167,-1465.72481901,-2571.71105177,-7907.90674137,-8425.2167706,212.144833817,advice_god
-26380.8991368,-15127.896468,2826.568478,-1289.42877162,6178.10946821,-418.326387183,2987.42183385,-5068.45897514,6765.32356474,sudden_clarity_clarence
3316.68671413,13352.9519609,4270.70646402,-10413.023894,-10712.502051,-9302.5703614,-4819.07267217,-165.559595749,6405.76462609,bad_luck_brian
3625.79768705,15108.2326996,2308.85690274,-7013.9746179,-11706.7289222,-6819.86765675,-2173.48129538,1517.35231711,4310.90157307,bad_luck_brian
18180.3993361,-12709.9147964,3072.13577255,-4519.85669514,1905.19991598,2459.3771579,2839.49165459,1334.77170362,-5798.5456096,first_day_on_the_internet_kid
-14212.5720082,-12241.573775,3907.24235274,-2746.46362927,7204.30845333,519.208015822,6356.18065731,-4250.22689499,6487.9892374,lazy_college_senior
-7583.9851538,-3744.10014722,-6199.89732914,322.956401431,1952.08580935,881.134360615,2605.76575802,1633.41420284,-3922.57378691,philosoraptor
2554.77032075,11630.5652049,474.777915522,-2856.04683105,4092.06904433,1947.60083638,1130.10201764,-426.394733362,-2211.71884868,confession_bear
18009.3686116,-12679.7769535,2854.84752299,-4419.27142314,1456.38331272,1036.8664135,2893.55836036,1572.42463159,-5841.00668416,first_day_on_the_internet_kid
-19070.5395185,-15649.4766312,8557.85201546,-7211.09463771,3595.9908533,1152.51404591,-9760.73148966,-633.555067891,-2375.73262833,sudden_clarity_clarence
-24613.7995131,-8401.85278768,-10445.7509917,4328.60862969,-362.087192316,13654.5395079,6088.18363054,5406.7589608,18984.095564,business_cat
17744.9582888,-10511.2753876,-747.628599975,1901.81284362,2170.94248532,2785.14710429,3300.38793366,1466.33310542,-1431.85858693,minor_mistake_marvin
-5212.41468451,18924.7842305,4505.03468347,-269.603730755,6796.8253383,1684.04366531,-5117.43063471,-6201.07954705,-12294.3956772,high_expectations_asian_father
3626.33452414,7285.21006988,-6912.6364768,345.973209059,7824.16797855,-9510.93226232,-2165.24863079,3508.61847164,1141.59703516,paranoid_parrot
-32853.0820178,-5335.29146484,-2688.98443901,4023.45339738,-9584.15778881,953.6869665,935.675245685,-5202.24020691,-3657.50119395,bad_joke_eel
-31959.6376632,-7328.71332754,-893.832641547,3476.16007077,-8788.08531618,1338.2725173,728.779270773,-4037.70494094,-4376.71564263,bad_joke_eel
-6527.06603068,21371.8405472,2630.3553589,235.212589924,6524.64691984,2927.51233764,-3899.67407759,-5139.93778435,-11329.8157142,high_expectations_asian_father
14767.5629665,-1662.85376493,-5287.41526828,-4382.29929098,-10894.8969854,4525.38793671,-5040.88882834,6798.96709815,-2331.0540165,college_liberal
11262.9236578,1582.65379178,-3390.57080737,-9306.08777326,-9373.08142064,-9307.45635777,7515.34503474,-7947.71223431,4202.09195178,sheltered_college_freshman
7313.07096617,509.578828422,75.023922983,-3068.29632914,2977.86990489,-3987.15068049,7352.65649303,-4423.99531692,-3932.70582258,sheltered_college_freshman
-24819.6324901,-5790.00147099,-4758.60932361,6177.84773246,-14364.9200582,8870.03623064,5683.13982241,7034.69698719,-7066.68912296,unpopular_opinion_puffin
-32121.6851354,-3827.34575753,-1118.14197579,2319.53699593,-7736.43167619,112.383041502,-3451.98536323,-5086.15017847,-1649.03455251,bad_joke_eel
2481.65973679,11631.7155687,-220.620535239,-936.745611417,4017.70771575,6236.58945704,-2442.41526849,633.807032618,-6496.89135323,philosoraptor
19032.3199092,-13851.5834597,1958.95404505,-2888.30627928,-1806.34656652,886.117511564,2377.92697666,670.5013686,-2867.10739661,first_day_on_the_internet_kid
2765.46585693,13207.3513339,-6209.7075276,-2642.86478541,3559.76417146,1809.52131094,4824.35691984,-2639.41980125,4491.86621363,good_guy_greg
2880.9169745,14343.2631709,3474.13506131,-8192.70034298,-12101.497817,-9011.67417449,-4278.30103219,-202.365117031,6336.29331203,bad_luck_brian
19165.7759208,-11742.5288247,-8588.76632132,17447.8285911,-1819.83890718,-2546.65019253,-9315.51785836,-9171.31478914,1787.18622011,advice_god
11116.2387541,1809.12548852,-2660.57805934,-8777.60891918,-8902.15799049,-9334.67895526,8104.09878201,-8166.71231429,4570.24349265,sheltered_college_freshman
7423.45973206,-95.9939094354,-280.008049646,-4139.89842672,2884.50429951,-2645.19621622,8132.68916066,-4185.7206276,-4886.93556287,sheltered_college_freshman
18731.5133663,-12353.0427935,-600.530613947,2157.33835896,2495.82017918,4438.17532296,4062.56652645,2901.35257948,-2394.01650569,minor_mistake_marvin
-141.849580287,15760.9889189,3970.08339027,-2651.02125736,2394.11454758,826.662785375,-3370.96788766,-3769.02668761,-9674.20367604,high_expectations_asian_father
15070.8630821,-1707.08607237,-5091.24158251,-4170.18924819,-10593.0708709,4840.76870948,-4118.77905708,6769.05023969,-2730.94176362,college_liberal
-24311.2830586,-5730.78301416,-4279.84924036,4916.72027884,-12195.0564574,9935.64428589,6030.02083967,7448.66654682,-4456.1163428,unpopular_opinion_puffin
19276.9306757,-14813.3498249,2576.63691913,-4542.24983441,148.138910686,1592.42785649,1326.2447198,860.667308585,-2439.78580475,first_day_on_the_internet_kid
15109.2995102,-1946.05566105,-5066.91408014,-4054.32048084,-10716.0103341,4592.08847823,-4717.74051846,6657.02095626,-2443.95399331,college_liberal
1751.45171545,12594.2259707,-160.070619082,-1583.23960946,3986.16945368,4920.66734207,-3766.33878163,-376.813038561,-6404.3791215,philosoraptor
3386.67069369,14718.7465647,3127.11767942,-7826.44850176,-10842.7445334,-7819.11898318,-661.445029527,-1068.11344073,5436.14384991,bad_luck_brian
-9087.46286029,5815.33050551,-8489.63154476,-3208.48610541,3660.69326982,5073.53678932,-975.237896097,7334.86112649,2494.67468758,business_cat
-15619.3745656,1639.27516992,-14212.1637626,7313.27823643,3772.49205298,-16275.8990178,-3627.81420327,16217.0139991,-1091.45389495,paranoid_parrot
19674.6627135,-12424.0832814,-7003.12368583,16957.6148393,-578.03339794,-1516.92064887,-8400.37396142,-8329.74588193,1283.31634555,advice_god
14994.1326477,-1294.74504666,-5322.69728058,-3655.51255537,-10766.4428718,4696.5339195,-4819.27383008,6560.77851457,-1618.60777097,college_liberal
7968.26841032,7211.44412593,-1083.24500798,-2887.66049813,-2778.82119711,2341.7765891,-3421.44855582,821.807746994,-1606.734237,philosoraptor
-1004.78263717,-13144.0515058,1453.95745025,-3151.99544666,5579.25293976,-678.534652827,5867.39543059,1061.70655767,1486.70909769,evil_toddler
511.551788413,11711.6291343,-344.413488433,-1173.83007462,3213.6990258,4479.05847214,-2896.20172801,432.074847384,-5637.5060869,philosoraptor
-1102.59411204,-12877.0220508,1139.81986973,-2653.41353783,5746.91254493,-630.992642087,7986.80884289,987.65759667,2680.2550468,evil_toddler
19416.9668458,-11686.7538424,-8716.85223689,18097.6385622,-2794.60659019,-3838.6696419,-8936.60031272,-9486.92622473,916.495544476,advice_god
1650.11870674,12079.3326906,-5062.06084716,-2710.2375643,5906.63521628,985.356259565,4180.79744367,-2948.83632932,1842.55051938,good_guy_greg
2436.84154237,11068.1659485,249.542759074,-1201.97433632,3883.37160319,6228.1591601,-4149.97380689,1021.51954884,-6335.89057598,philosoraptor
19180.9426341,-11032.6991585,-8346.76111747,16839.9406116,-2415.66469824,-3505.73513501,-8118.8147134,-10845.4808814,1675.076728,advice_god
14818.1648516,-1297.68080989,-4698.85534545,-3323.86861163,-10504.9462552,4259.76117574,-3772.34284307,6841.03347266,-1606.46441244,college_liberal
-19002.2368364,-18427.1875595,9631.47322924,-12937.2864915,6465.79832954,-1560.3393002,-17520.9379808,-2828.75871596,5706.87718627,sudden_clarity_clarence
-17232.2175038,3517.48489515,-7005.36581085,1491.04716682,3059.90988306,-736.92070764,6670.61544909,3663.55309095,-27.2713286679,good_guy_greg
-18440.4145047,-18796.2514126,10132.3476544,-12266.6679946,5245.84485723,-478.799878689,-16219.8191969,-2061.53845833,4447.93166669,sudden_clarity_clarence
-2258.464546,-13387.6748406,1296.77033263,-1862.35727528,5068.191092,-1680.15110683,8417.65287604,1246.98988788,1487.69185202,evil_toddler
4565.67261526,9591.45384773,1643.41540692,-4030.68514175,2923.91936091,1130.72099241,-175.684468472,-466.659627384,-3352.90393478,confession_bear
-20384.3762661,-18332.5801721,9969.74884085,-13198.3885161,5655.40104601,-507.760665543,-16964.6714707,-2336.4982042,3532.03883889,sudden_clarity_clarence
2692.03353836,10849.2784561,-8167.08145246,-60.0516491662,5217.6762219,17092.2011192,-1487.19304252,941.635948085,16379.1240904,business_cat
50.64332691,12266.844579,7065.7883437,-1299.604535,-2327.67484147,4710.679701,-3741.99289731,45.0259798448,1991.03835874,religion_pigeon
18367.6370521,-11211.246533,-1025.76767353,1766.06530038,2581.70017391,3592.27953215,3631.28867157,1921.44049812,-1566.81364156,minor_mistake_marvin
17527.6180646,-12094.722148,2470.97915562,-4287.42281412,184.755861351,891.195345196,1512.09888905,1503.59005972,-5869.16839973,first_day_on_the_internet_kid
-950.296276813,4428.77864913,30424.2682083,13612.0205777,-2925.09458286,48.8141985098,2903.52528673,1227.5446793,5009.05937346,socially_awkward_penguin
-30476.3276382,-3877.81305773,-5278.83221645,6213.73213529,-9679.26935799,5984.16701024,5901.46594601,4143.10697532,-2887.54812259,unpopular_opinion_puffin
4982.08223515,4177.07416296,-4843.89837923,-2004.45349032,2599.76361956,-8397.87269723,-4527.41406672,3241.70458151,-982.178225804,paranoid_parrot
18428.8730787,-13052.8256421,2943.99079741,-4252.60731594,1589.62162025,1857.63501447,4002.49094684,919.548379588,-5143.69118987,first_day_on_the_internet_kid
-522.071113112,11732.4124346,-5993.67953108,-2830.89295798,4078.76664484,2121.84772284,1105.66005325,185.68719765,-1274.47264477,good_guy_greg
-11146.7177362,-13914.0687477,4564.22465443,-3848.25238922,6624.60445656,-8.88121612237,7786.68616148,-3086.82557615,943.00505527,lazy_college_senior
20048.5543958,-14642.8650291,2390.74617895,-2650.57874184,-260.256224014,3484.5880679,4197.89922095,1315.46347909,-1668.18005786,first_day_on_the_internet_kid
3106.77589254,10325.9578412,-8006.74383694,705.750701255,4574.01810662,16704.4821942,-1669.77347001,1336.12689055,14255.4120556,business_cat
3589.17890467,13601.519997,4475.43199251,-8936.6792456,-9997.01127424,-7184.97709263,-4393.43019273,724.736288904,4171.84483299,bad_luck_brian
-33761.0606434,-5255.87765989,-1151.35175393,1740.23202998,-7445.00853972,-841.7130607,-1540.5404024,-5400.52065852,-861.841301237,bad_joke_eel
-29085.9075619,-6606.69081343,-4285.54013997,3571.88417887,-10981.5015043,9179.8428545,4521.78633912,5605.44229168,-5001.30499672,unpopular_opinion_puffin
18963.081747,-14101.8264196,3499.35312728,-5716.37965327,2725.82997958,2436.52522606,3230.72257724,1433.69267418,-5883.88917451,first_day_on_the_internet_kid
3632.48314501,6461.14328862,28844.6419412,13010.7521225,-3165.45130409,-262.654128324,28.6558688793,5328.77098482,858.199590408,socially_awkward_penguin
10186.1439431,2183.13789097,-2759.87898401,-8819.28059575,-8091.57904885,-8694.30688492,7256.42589351,-6892.47973057,2195.30550836,sheltered_college_freshman
-1285.09046347,13224.3694984,-10174.5872519,5143.97678065,8471.52973078,-11848.7846984,-3895.26825513,3962.95372875,-198.628325658,paranoid_parrot
18267.2210041,-12534.7905447,2346.64931696,-4514.16180334,1278.45729861,2648.93058604,3610.67989587,1307.07795173,-5321.2041532,first_day_on_the_internet_kid
-29662.4402667,-3155.30131544,-3922.75415452,4685.45242352,-10040.0095607,6261.41020417,4056.3592684,3490.96614642,-4475.72636109,unpopular_opinion_puffin
-4313.7234807,-213.516655198,4513.66791757,-1081.76537296,10204.3721372,-759.879366465,1642.61918342,-4107.51327799,744.728171424,lazy_college_senior
17458.2211564,-10249.7009354,-517.723430705,2019.68924135,2657.31011659,1764.58602361,3220.08168934,622.908161469,-1312.24632398,minor_mistake_marvin
-15962.0489518,1563.78360802,-14754.8618522,8441.94727098,5444.25810959,-16446.2227885,-3856.2637298,16538.3170587,-603.390998221,paranoid_parrot
3863.08756208,12078.6562319,-527.510926231,-2986.50176868,2398.45848414,958.301488407,885.347028429,-1396.81739565,-241.962549936,confession_bear
8466.54077924,-398.561008894,21435.0372095,12078.6267688,-373.423988477,-2076.52218528,4767.74667142,78.737636211,2365.34334957,socially_awkward_penguin
3694.19242838,13532.3531719,2820.46944099,-7795.92119036,-11791.3416153,-6755.14465115,-2507.05837364,440.214020966,3342.45370799,bad_luck_brian
3393.69353686,12289.5085499,-347.912728736,-1832.79522721,3202.8326809,-254.690606845,2992.12719654,-3882.90863145,2395.67908607,confession_bear
-1234.56097278,-13263.1950484,1255.41722,-1823.80100811,6161.48724975,-443.767183899,9297.14261185,1296.63456045,2072.94385235,evil_toddler
14772.4982711,-1648.6404715,-5154.65989982,-4549.13961562,-10909.8817665,4575.62896386,-4905.32766485,7056.70969556,-1684.53541747,college_liberal
-19783.2064992,-11608.1507248,2294.70964011,195.752839165,2966.014736,1143.29047096,4312.07931825,-2459.41398386,5056.61147077,unpopular_opinion_puffin
-24892.2587048,-13648.2050741,2048.90555573,9.39167642497,5536.52909504,-571.650460792,4285.80436663,-4921.44465246,8584.10236236,sudden_clarity_clarence
-25739.82796,-2441.66730971,-4038.15738969,4568.42950779,-10503.6955213,9767.63029759,2735.47572679,4172.26197205,-7192.25556345,unpopular_opinion_puffin
5733.05955199,9028.55218148,237.19090349,-5603.48866313,985.969272953,-1156.81480933,-229.250764667,-2254.2277052,2665.55390518,confession_bear
-16484.1374093,-20933.8836425,9284.43062288,-12494.5884859,4248.00644399,1773.35206856,-12968.847688,2469.50629143,894.221907064,sudden_clarity_clarence
17347.7158347,-9393.19778554,-1156.52636166,-363.347537205,-1009.18093744,1890.17763624,2898.93064931,3062.90116174,-1909.66118531,minor_mistake_marvin
18699.1845903,-10559.1848485,-8114.23650874,16595.3475197,-1470.41951518,-2897.12221051,-7040.21998339,-8883.79755537,2152.26560049,advice_god
-346.067991005,13164.1277039,-6088.69538653,-806.117511566,7004.81107432,2273.11280865,3386.10104997,-1745.97751818,-572.885634472,good_guy_greg
-27345.2978628,-2061.8363017,-5507.96935757,6501.86030021,-9420.33851655,7571.51843144,8900.0703786,2974.83732439,-1409.18969927,unpopular_opinion_puffin
6434.47562669,5120.94817926,25425.859396,12846.9748891,-841.158431862,-1733.51937765,2721.21122745,4899.24289854,2036.21220451,socially_awkward_penguin
-34781.4867521,-5000.39645368,-4832.68895402,8498.5961607,-8007.94569661,8738.58155762,4981.72480242,4827.97921357,-6120.00533088,unpopular_opinion_puffin
-15242.368415,1880.55617187,-13860.4206217,6335.37587183,7371.8697101,-16418.6467371,-2297.95259443,14507.0304162,1119.70618254,paranoid_parrot
-493.518569362,-13993.9492531,1484.08212153,-2684.18315196,4682.36089186,-399.626206282,7553.17088697,2025.4581924,1136.87727753,evil_toddler
-20103.8426075,-10564.6098217,1825.90656832,-764.604068294,2299.16893603,1085.53736498,3920.24074238,-2940.81329743,5971.5168751,unpopular_opinion_puffin
4882.68467076,3824.76051446,-1390.39007242,-4222.01512181,2548.9957057,-2847.9628572,7977.60813374,-5110.99890932,-5161.98589723,sheltered_college_freshman
2800.11809325,11243.2458897,-8468.55420531,441.974049496,4923.20495687,15836.2518076,542.395631046,-501.813800035,16574.0094981,business_cat
4642.30850897,8619.08153536,27364.6526529,14131.5525985,-2146.15160001,-1291.39893569,1651.93956864,4869.91539361,2487.74774618,socially_awkward_penguin
18478.0488535,-9134.37178497,-8488.33703204,16513.2519519,-2801.64539728,-3538.21639054,-10462.0468685,-10099.0551347,2178.44189443,advice_god
14216.5939444,-1462.44516091,-4787.74639221,-4452.63381012,-10239.0508353,3464.36412681,-3769.43678554,6194.63536355,-2464.74613227,college_liberal
-31052.8053741,-3940.60792018,-1744.89296499,2301.16696335,-9327.15439819,923.975005549,-1648.50615728,-5013.74194147,-2908.45253368,bad_joke_eel
-16746.0172093,-18332.9894518,9838.01979977,-12432.5574041,6263.29633386,-860.540347274,-15995.5393112,-757.51974264,3001.82327202,sudden_clarity_clarence
6195.98691455,-8193.31341181,-1598.41450459,-8336.98431713,-213.858575694,-2703.70676191,-2783.82945292,2027.94302631,-154.379162979,overly_attached_girlfriend
11922.889887,-6461.07820504,-1832.53267993,-3010.15883624,1295.41465284,-1660.98048014,-42.7380534525,2126.59978335,562.381270532,overly_attached_girlfriend
-25487.5338853,-5398.15754862,-3266.57490747,5276.77506009,-10987.8535505,6997.65118331,5216.83473569,4757.33437166,-5293.2536207,unpopular_opinion_puffin
4116.48077195,11249.7882481,-2802.13717556,241.208929304,3021.78796476,1445.01717796,4718.58478248,-1705.60983666,2647.36972351,confession_bear
-20446.1284425,-18655.6438875,10188.5138883,-13110.9329772,8679.85110665,1649.22599247,-15834.6283493,-821.01270541,3381.55336347,sudden_clarity_clarence
4908.85530653,8055.85040035,28200.4530577,13105.1341467,-2351.27269966,-641.519441328,631.226011061,5454.66480294,2321.29538838,socially_awkward_penguin
-7892.7531288,20540.5716195,2990.08300798,2161.62087722,7595.70344846,594.756891538,-2766.31117683,-7457.71113559,-7874.04055332,high_expectations_asian_father
-530.678382272,11979.2475416,-5541.40320263,-3826.40792775,4184.6127604,1559.96431749,-973.605972003,-507.62681455,-608.300142223,good_guy_greg
18193.7781318,-11251.6489835,148.249682938,-1122.41977274,-8.09741204632,2902.00857642,2439.16483788,4429.59392994,-2900.82418422,minor_mistake_marvin
-7442.28586504,18485.528841,3229.2695252,724.915425888,6861.82293959,341.181738006,-5087.13095298,-6473.38320628,-8613.25450028,high_expectations_asian_father
-22704.6755228,-19379.2429011,10454.6301435,-13411.9866117,5935.53058762,-942.362182224,-17133.2681355,-1614.42954292,6024.54875475,sudden_clarity_clarence
-44.3363071052,-14491.4344822,1684.04684669,-2017.54300243,5249.70167944,-279.154631119,8881.3810674,2751.37263201,542.515552498,evil_toddler
1813.29742931,16528.5802645,3328.22279539,-6343.60711333,-9951.41668503,-7789.41360647,243.713569423,-1406.73393468,4357.99867232,bad_luck_brian
-30619.7854648,-3595.07196397,-2137.52133591,4625.73234957,-9054.84266734,2597.56077304,1272.77924972,-4400.72122656,-4302.74280641,bad_joke_eel
979.462069735,12120.2717193,-364.719942462,-1948.89901339,3424.67262518,4954.79759344,-5579.21611041,260.05784751,-5915.84985987,philosoraptor
3249.79238765,10835.9815047,-7874.4163924,1620.05800975,4406.17833492,15170.9347032,1119.91991641,351.172255847,14174.2215086,business_cat
10002.8831936,-8234.21419669,8672.635073,-8264.94802994,7552.12351691,2211.79726472,-968.93651922,4660.66193334,-6156.19095815,lazy_college_senior
3376.28326659,12120.6628451,296.915479661,-3327.37542235,2757.14188368,516.513768682,290.280426097,-2512.05745443,-546.20160895,confession_bear
441.746505641,13523.7506266,-5321.74742055,-3192.98099227,6276.50986735,-253.868963027,3417.67560195,-4361.26865188,3326.93196559,good_guy_greg
3346.16285315,14049.7023671,2852.50274224,-8775.5658809,-9944.97489722,-7559.01730705,-1938.13452665,-510.097803164,7801.65939157,bad_luck_brian
4815.31504747,4205.3109333,-1423.16157458,-2991.93187592,2710.56978403,-2529.00842841,8409.59244803,-4566.39555259,-4433.32557681,sheltered_college_freshman
4995.37594253,9557.80168324,-10498.97863,2354.03364615,1475.71129331,17137.7761471,-4869.27746826,1048.38236771,16121.2843433,business_cat
-32325.4916836,-6829.15253894,-619.61358757,2063.04043557,-7231.88117878,411.835975363,687.826096494,-4463.55519434,-2407.8537181,bad_joke_eel
2665.56591437,10146.361275,552.371886315,-3106.36502802,2813.49886032,5258.88070143,-5839.02025412,1078.19292204,-5881.57302533,philosoraptor
19467.2230375,-10889.1278718,-7932.67266437,16680.5191845,-1864.55981128,-1647.07529401,-9156.75671933,-9327.62233462,1093.33154676,advice_god
8664.67501082,-202.313681323,-2567.99690034,-87.8984330198,3423.02001735,1452.88694889,1974.70585233,-835.667941961,-618.767124681,evil_toddler
-21198.1738709,-17771.6877951,9739.11619777,-14046.2169111,4885.6744053,1553.05503164,-17032.7838606,14.642865989,3423.41851259,sudden_clarity_clarence
3070.38226904,10138.9532694,-7835.13567374,493.266547951,5724.7618981,17177.4722385,-239.698671808,1298.07340437,13715.548504,business_cat
3366.22910911,10343.0123324,-6931.40501049,1030.17747434,4342.39618391,15907.5595701,-223.510688402,1378.16822361,12115.1158645,business_cat
14702.3026072,-1456.95267854,-4941.37865269,-4274.81086962,-10917.5389112,4697.62308145,-5194.33820328,7280.24854477,-2366.22931505,college_liberal
8611.15973786,-1633.9294682,-2223.53405561,-343.16194165,4610.74054589,567.42976898,5429.84141098,-496.966916584,-18.1272745901,evil_toddler
635.889749708,-15441.0722444,1871.33687222,-2421.07506647,4710.74730949,-451.549558422,8718.12656385,2996.83224431,543.953926103,evil_toddler
-27887.6533449,-5772.56975519,-3470.17690434,2199.62692005,-7022.97110267,7602.18706662,1113.31297918,4688.93030508,-5820.19725468,unpopular_opinion_puffin
-19331.1544342,-11464.8278037,1961.27791559,-438.960150088,3110.80404016,767.846099953,4586.9447001,-2437.33114362,5293.0897488,unpopular_opinion_puffin
8888.38468506,-555.97253411,-2511.48732908,-279.306484918,3986.09395094,1778.03805069,2357.77501992,-716.403213008,-1461.79604823,evil_toddler
-35515.0042523,-2641.41447455,-2016.23978849,876.526597815,-8676.7513394,1508.48617572,-2562.72633269,-5158.76974376,-2706.09866563,bad_joke_eel
18960.8110533,-13069.3516456,1782.06706376,-2496.26358447,-1511.17335657,1672.68374962,3098.81831491,341.434760766,-2295.78054008,first_day_on_the_internet_kid
-22361.875483,-13445.3307021,3202.15910162,-1364.35319067,6400.78921571,668.763703971,2494.26037162,-4690.91098661,6900.67897567,sudden_clarity_clarence
-3241.95195019,1159.64331228,255.041881547,506.453079976,4068.57380481,-1257.17043939,2823.11133142,-3106.63164462,-350.737120972,overly_attached_girlfriend
3972.26747362,9987.31617167,-1555.58547472,-1519.02222317,2625.70059226,2123.68370283,662.317982808,-296.102509128,-1167.95417244,confession_bear
-32476.6806402,-5301.80449053,-3237.54915076,4923.16330691,-9882.67218679,1453.89980538,827.428249093,-3862.61364602,-5248.81887782,bad_joke_eel
17897.245599,-11041.4274024,-152.073739673,-1200.02000486,-542.767787261,2429.05239914,1862.66234186,3823.4494839,-2228.34244924,minor_mistake_marvin
-16218.858602,2521.80617907,-13586.0850514,8300.49796779,6550.17418552,-16103.282069,-1752.02212661,14345.3720428,3371.08889994,paranoid_parrot
14636.8417711,-1735.39969237,-5099.14125748,-4406.25642121,-11060.9709658,4371.94057661,-4640.35107842,6655.74398655,-2565.439431,college_liberal
18224.980392,-9305.8701264,-8857.85400614,17802.5736288,-1995.83944924,-3201.86485314,-6694.32611065,-9149.93015335,2706.73943466,advice_god
2986.03564928,15596.8831968,3838.62136438,-7655.47390159,-9468.23043354,-8848.92193673,-1548.13386612,-1332.02816465,6931.41821711,bad_luck_brian
-756.701879957,11308.4611542,-5900.05255236,-3187.52778961,3477.58948452,1730.65075191,311.497082961,182.004432692,-2045.34631559,good_guy_greg
6002.10901345,10554.0818272,3283.15657012,-8415.1941199,-8866.32015621,-6336.78004561,-3092.40399612,1255.27099139,5385.53483514,bad_luck_brian
10153.2590817,-4727.37140277,-1014.51649327,3064.22910167,9093.76056755,-4492.5978565,7263.34057747,-2312.58020473,-3975.25990117,religion_pigeon
3205.77108376,10122.7011653,-8038.20681073,148.06202747,4917.04543326,16815.0848557,-1243.12923941,1149.59661744,13200.2657001,business_cat
-22955.8926314,7194.55001002,-4830.6427241,5765.293509,-3181.86306151,-394.962133668,3198.53536595,1391.52644762,3047.60478352,unpopular_opinion_puffin
-17146.7182278,-22769.0829907,10272.6900851,-10718.2652321,7438.85394855,786.803567007,-10425.0248293,206.542418578,1047.24604721,sudden_clarity_clarence
10100.2306461,4110.10229032,23686.5504403,10080.689012,-5267.04199138,-6417.91949276,970.314833475,7492.25641076,6065.50739345,socially_awkward_penguin
19590.7804865,-11842.4789019,-8516.24113302,17341.7196046,-2060.40473896,-3700.25567613,-8115.65029521,-10666.9605629,1866.19046979,advice_god
-18747.6752779,-19301.6081969,8341.62157626,-10393.2978529,5733.07035978,-640.658628765,-14637.3378616,-468.279260648,1356.77990812,sudden_clarity_clarence
8925.74045916,-3685.64422488,-1171.78319441,3093.09054409,9756.04387485,-5519.50963223,7281.29711443,-1795.83921672,-4462.11047242,religion_pigeon
6409.71832541,-4199.85482294,-5040.34855875,-7897.13402717,12093.7427821,-5298.80599844,-7137.23200085,5652.15260812,-2562.87026716,paranoid_parrot
17734.4661195,-10324.6281754,-476.959676282,-1319.51267807,-526.702979897,2594.60493804,1615.9626036,3972.33435638,-2099.91707256,minor_mistake_marvin
-24385.4896162,-2257.39736322,-3938.53993656,3473.40921096,-11188.5001008,9516.94935981,2688.7227866,5251.84033366,-7543.53083238,unpopular_opinion_puffin
4613.20745237,5932.92866025,-5238.29437788,-1028.64833154,7141.3541096,-9398.97409542,-1111.4268018,3060.24017561,1164.02779637,paranoid_parrot
9458.22822346,-7547.99979429,1543.69519576,-5422.44577241,1772.89904517,1693.38478018,1906.6401947,3302.46725771,-3228.47391499,minor_mistake_marvin
11483.3097228,197.166922776,-2674.10730994,-9589.40965529,-9402.17148634,-8747.82771419,6171.22828778,-6199.30895081,2285.82567784,sheltered_college_freshman
3860.44325917,10680.0916479,-243.099732881,-2175.5098513,2978.51290139,609.174131545,3251.83745583,-999.028447712,-397.568472846,confession_bear
18300.9452219,-12586.5606713,2809.26021846,-4519.37563417,1379.74151517,1695.15285971,2595.00752631,1040.60360798,-5779.89017601,first_day_on_the_internet_kid
-33153.6812694,-3959.70883655,-1727.4129711,3283.33325349,-9350.16019698,12.5032309025,-2335.32603974,-4861.308206,-3801.00884891,bad_joke_eel
-35221.7229267,-2371.04860518,-3462.1377754,5141.92996416,-9255.63779987,-281.126350441,1578.3511398,-6783.88164047,-1507.83713964,bad_joke_eel
17654.6210505,-9887.21927443,-1453.98455766,2255.66908678,1464.13304446,2286.51256514,3389.29214365,826.730545964,-955.166350988,minor_mistake_marvin
-15183.7608053,-454.923226348,-13307.4476959,7393.28258502,8171.05874829,-16567.6512379,-1757.9629663,13846.0954767,3552.72049336,paranoid_parrot
2763.69659366,11009.3036904,243.99460847,-1260.94791636,3678.04090187,6555.87925681,-3315.09603246,905.760628714,-7327.28061426,philosoraptor
-7658.41488699,20507.8005172,2497.02722577,1350.58482824,7569.58958134,1114.66164979,-3329.28549397,-7486.82934423,-8353.36295127,high_expectations_asian_father
15134.109412,-6655.88440013,-1391.89723966,-1496.61420901,979.685699365,-963.049516554,2749.64402431,2186.77051559,-1382.34246873,overly_attached_girlfriend
-14464.0568966,-1149.7241173,-12903.2637916,6739.58454234,8386.48808715,-15584.1172867,-1536.42674753,16280.9367588,1616.78237311,paranoid_parrot
1332.72479656,12869.9563088,-813.448749488,-1346.6462728,2988.86355064,5264.00216113,-3406.59071054,-796.927575255,-4574.55782151,philosoraptor
19293.5527814,-11711.4569447,-8070.71636718,17445.2632183,-2337.77298122,-3290.30322545,-8121.94701192,-8244.86435279,61.5977860201,advice_god
-36394.7650048,-3856.83604204,-2782.19974041,4640.46745409,-8750.35420436,-333.713917733,-1347.52330385,-5038.93422869,-1582.54014826,bad_joke_eel
-15207.4461112,1218.02710106,-13351.0895716,6922.82824097,7857.677056,-16979.0523267,-1970.94563549,14055.3247051,5262.5504642,paranoid_parrot
303.715601179,14995.9356934,1326.04471593,-4528.36802386,4497.87979238,-483.580379519,807.126318659,-2954.35159352,154.655151973,confession_bear
18310.7004275,-12957.6495265,3144.01167867,-4043.01373807,1241.31620315,1674.25977361,2885.6992543,1465.86581847,-5252.84145165,first_day_on_the_internet_kid
2419.76820437,13154.069677,-5734.640188,-2553.40612906,3747.00416043,1321.35343633,4972.90724485,-2868.93406676,3567.09127607,good_guy_greg
-5969.04162587,19834.2707926,4266.8894343,22.0895999288,8069.63000144,978.243671273,-5124.74689972,-6791.82529489,-11311.0648347,high_expectations_asian_father
-17193.6991947,5175.93938835,-7546.55995375,2674.52868597,4033.00600079,-1965.33161817,8397.93902992,1054.89711618,4670.33942179,good_guy_greg
-4651.22736054,18154.7537201,-1687.46883431,5322.11264598,5672.94960259,1904.54004652,-1814.60784349,-6501.80606418,-7441.45472956,high_expectations_asian_father
1918.41060748,11322.1383687,-45.4539890791,-1194.64254669,3042.67447748,5846.00802924,-3955.99616252,354.754065762,-5089.00790566,philosoraptor
10568.4960834,-8635.04923107,-6.23471936141,-7571.71359401,341.928294342,-1622.41499906,-1412.32240588,1266.63833894,873.039153777,overly_attached_girlfriend
-2003.04932963,7848.63556025,-7442.5778368,4857.20006737,7615.60376278,-9288.54178529,-2369.46036968,5981.99511466,-297.782193882,paranoid_parrot
1075.86753094,11709.7026854,5012.09309291,-1817.40319816,3729.61447767,-1181.70321679,-1904.43801737,-4724.25725198,-6109.22526271,high_expectations_asian_father
-31135.8775856,-3391.97205272,-1810.0445449,4137.50804497,-9559.12631239,1556.34931158,-1361.02502109,-3252.28260497,-4764.15668224,bad_joke_eel
2121.87380826,10636.8483718,133.974818766,-2080.66391333,4095.56953136,5571.21383737,-4154.88419748,885.463170793,-6489.17549641,philosoraptor
9693.13097488,-4051.783093,-670.936585103,3302.53870989,8821.75464482,-4740.24432765,7069.88085344,-1939.96170535,-3758.51835757,religion_pigeon
1914.7682912,12499.3313907,-62.3424659503,-2611.50334885,4015.91645877,1080.82537017,764.895074623,-964.889442101,-882.078297225,confession_bear
14882.4181134,-6774.09448628,-4216.84135649,4315.66343741,1828.6499074,3689.99750205,-570.27010482,691.8873646,1173.61411471,overly_attached_girlfriend
11267.446757,1370.96638176,-3366.22040485,-9634.74265467,-9416.02781651,-9364.87412109,7887.71391892,-8224.84694792,4310.22146432,sheltered_college_freshman
17931.5546197,-12060.5362834,2714.0070929,-4275.97347449,1376.07445743,1672.81354171,3200.36938474,978.924735012,-4918.73292353,first_day_on_the_internet_kid
19465.0839423,-11251.7484116,-7535.36145549,15508.901474,-1243.16782165,-1702.81656358,-7468.25327955,-7158.4805994,1774.55548019,advice_god
14852.7004148,-1610.68183415,-5167.05549626,-4248.8959078,-10748.9569866,4930.62647878,-4626.03587096,7181.98567822,-1653.10353449,college_liberal
-23903.4406587,-1593.66208434,1863.52199558,-367.517520167,-2521.79770209,-3874.86540866,-1583.51285052,-2379.04209162,-2942.04683979,bad_joke_eel
2104.56773745,12006.7337934,-284.482225138,-1752.16974847,3482.56088527,6097.51490205,-3799.60990447,442.03157351,-6360.86932848,philosoraptor
-620.108816142,11858.166816,-5904.16705825,-3488.30102938,3715.30923098,1455.1248918,1.57864240864,-320.663028539,-1298.93819554,good_guy_greg
6992.26752565,811.371435133,-258.272053756,-3369.88338035,1585.74052428,-4093.60705459,6670.3499754,-4649.89486737,-4067.12269372,sheltered_college_freshman
8.86761683749,11451.0194525,-9991.6753483,4215.32223139,7734.89745882,-9934.74763262,-2990.92987438,5723.37514169,-2297.13847029,paranoid_parrot
-17765.8935487,4218.33212987,-6931.55536143,2209.4319522,5147.6394098,-851.483452053,7181.12816858,2777.74442322,239.582274077,good_guy_greg
-20339.3086291,-17756.547588,9977.8098935,-13280.6929368,7428.10784205,939.175237995,-16511.5638712,-1490.04237866,3455.36898855,sudden_clarity_clarence
2450.69795077,12409.4261836,36.8788570865,-1924.73289834,4452.02413315,1519.41684501,2426.59833869,-1525.29538351,-1523.53418518,confession_bear
19636.0414807,-12519.31735,-8266.03853925,17617.591395,-1339.51574762,-3115.83145988,-8962.44418234,-10128.5161686,1765.57024538,advice_god
4880.19007894,9899.80214575,-894.178347904,-212.63384039,1324.51828674,5011.37406268,-1156.47389579,1998.02475073,-1965.31237608,philosoraptor
18539.4077377,-11962.5443685,-49.003659271,-1300.69585342,-400.714184501,3461.55411927,1814.83976581,4575.51456801,-3509.05086369,minor_mistake_marvin
5152.77192109,6487.71024939,27098.4908992,12168.0203741,-1168.39612323,308.12323537,544.009457063,5512.3437768,2536.42930683,socially_awkward_penguin
2703.27974919,10735.4297112,163.923572399,-1541.64645868,3966.42534035,6573.90829169,-3644.60965012,1369.80386597,-7624.12217724,philosoraptor
14363.1151778,-5079.30141012,-46.500647465,-7652.5052462,-4986.11172128,-4231.23380439,1330.47459581,-87.3658173531,128.410085933,sheltered_college_freshman
19202.417817,-13893.5104757,1607.36441138,-2742.65189268,-1476.70310799,1876.57539538,4282.7010419,399.793492754,-1615.62715705,first_day_on_the_internet_kid
14858.5106286,-1884.11944356,-4874.88499097,-4478.9415656,-10790.3749911,4588.27411287,-5334.72438044,7224.14714644,-2453.2325266,college_liberal
18584.4910003,-13325.9006963,3070.44254772,-4693.44918193,1839.37206792,2462.90176778,3766.40228637,1373.00428519,-5374.17246938,first_day_on_the_internet_kid
18446.5450117,-13647.5764288,3144.393439,-4776.40515515,2161.96380017,2611.3427141,2615.37359979,2111.47534643,-5741.34362959,first_day_on_the_internet_kid
-1016.60287633,14601.8301268,-7350.76474429,342.225569263,6770.90234046,1487.80301716,6007.95895691,-2942.42876133,2635.89860172,good_guy_greg
11325.4061185,1498.63400557,-3407.08601902,-9641.45848526,-9480.65569436,-9333.09549912,7795.38609777,-8255.42145272,4391.86287481,sheltered_college_freshman
2110.49153618,12312.9368328,32213.0166015,14902.812925,-2269.86579362,-2170.92122656,1687.393426,6990.24777663,4664.75138558,socially_awkward_penguin
2591.07988999,15454.1553898,2435.16080709,-8210.47909859,-13148.2961275,-9043.61095966,-4843.50592256,594.764971999,5038.20473622,bad_luck_brian
-10010.1374027,-1220.00474449,-1308.56156444,4710.54311933,4627.84243025,-640.917850847,5379.26848522,-2645.52561769,2834.66319003,lazy_college_senior
10949.8857829,1296.65675967,-3175.14788346,-9310.66624284,-8994.58909959,-8484.81900294,7530.34204455,-7184.21608249,4070.65233785,sheltered_college_freshman
10141.7835371,-4656.53399278,-1418.14320377,2899.87950192,8748.51686837,-4693.27766171,6399.50911224,-1456.73842875,-4272.12174865,religion_pigeon
20183.9461919,-12948.0467337,-8334.35831339,17811.9736306,-1723.89519244,-2142.79864447,-7980.9796243,-8526.7405457,61.1858057909,advice_god
-15543.0566036,-17456.7860319,9284.87750915,-10693.6044885,3733.93770479,641.768074844,-14544.327313,-1226.36958099,1131.04680087,sudden_clarity_clarence
-6902.31518978,21989.4775453,2914.1466029,744.171786286,4946.20110004,-284.149175325,-6007.19196485,-7913.76960165,-9917.33470919,high_expectations_asian_father
-933.925929763,-13977.2498799,1445.07999973,-2694.13383073,5862.66084497,-887.633361814,7965.52437068,1555.29709412,1635.65012104,evil_toddler
2808.91774847,11735.1178841,-277.436522699,-1210.39097017,3335.56297789,6399.62738076,-2497.45857703,891.117979389,-7132.27350969,philosoraptor
-287.92544957,11804.2517556,-5303.56991224,-2752.62478012,5484.22885657,1541.0001571,1178.08456791,-1394.75159537,-1030.95143254,good_guy_greg
133.009986187,11564.0060416,-10234.8093077,4431.91683992,7706.48996678,-9403.97591254,-3670.17777073,4913.00905024,-1135.00076626,paranoid_parrot
-18429.5407534,-19850.0871771,9979.2391185,-11879.8729017,4003.23331874,1066.47059833,-13367.4583903,-43.5448568126,2485.94772341,sudden_clarity_clarence
-939.981418064,14469.2399471,-6434.42386324,-649.193704402,7518.21741503,1912.45646904,4246.67422757,-2477.62067994,2361.98440701,good_guy_greg
4039.84653078,10742.7086056,236.49869377,-2930.90113224,3848.89989968,285.137599209,2032.03158937,-1772.27140208,-68.9283395507,confession_bear
17951.2954632,-10248.7877907,-1094.11877365,-897.514067586,-1084.0954453,3289.79208371,2317.93195652,4138.26973011,-3036.05147907,minor_mistake_marvin
11325.5393303,2031.66471629,-3595.98592411,-9308.27300135,-9587.20687382,-9491.76710027,8330.32155759,-8579.69697714,4670.2729128,sheltered_college_freshman
14772.1610697,-2344.09696749,-4840.0362767,-4752.16738075,-10764.6042877,4333.1406968,-4180.64596264,6887.96786361,-2850.31133291,college_liberal
10617.5295188,-5153.31578839,-712.67378214,2589.29321996,9699.5643266,-4095.67762234,7566.83774067,-1017.20915735,-3673.70542077,religion_pigeon
-15613.7275542,-13947.4394077,4274.78620872,-4298.7858029,8166.28846069,-3033.10843604,8129.04692456,-6793.20677712,6681.73875799,lazy_college_senior
1237.23870437,11953.7448894,-8449.18593023,-578.688385044,6123.09902447,15878.8235677,-1927.7858078,563.760928007,15595.4266707,business_cat
14722.8497286,-1592.71139253,-5144.42577851,-4100.71822228,-10851.8599532,4779.00258932,-4383.23840483,7229.50544691,-2257.49376529,college_liberal
6025.31650808,9217.65957597,-9857.40233015,2389.49799852,645.345371838,17741.4709948,-3051.51037012,2603.28203222,16586.7399123,business_cat
2652.34790407,10849.3815757,-129.817618871,-1193.82930249,1692.77684681,5732.67934944,-4671.29500593,702.672889163,-5333.08137777,philosoraptor
9461.24064034,-2984.89081671,-2591.28409309,3270.1804344,8538.43052351,-4434.34654354,6894.92208801,-3217.92307718,-3985.02714325,religion_pigeon
-13908.0029531,-1682.67796227,-12474.9219056,6478.52574461,5093.00607531,-12653.0481477,842.603138985,17116.6339339,-1402.25779628,paranoid_parrot
-21891.5061198,-19304.1721184,9459.90137023,-13391.415874,7762.42428264,360.81171228,-16944.7952045,-1243.90295173,3925.85795739,sudden_clarity_clarence
-32268.0053319,-3728.59174239,-3214.08930757,4416.43674955,-8836.51610039,538.705316456,1639.37088848,-5308.28313217,-3878.04610349,bad_joke_eel
14796.8290566,-2258.67739886,-5124.69995235,-4343.2296219,-10836.8851597,5118.08042096,-4189.06296092,6975.16990468,-2631.44175096,college_liberal
17834.0643717,-10514.4070623,-609.731788119,2473.80656668,1944.70053304,2441.30446749,3823.52422173,1470.8494623,-2288.51183081,minor_mistake_marvin
-20471.1322911,-898.148056262,2601.87697318,-1382.34827792,-1651.94838015,-3777.46499259,-4027.90438618,-2102.69672531,-3817.44410455,bad_joke_eel
14612.0618351,-7453.33901375,316.629190596,-105.881767547,3036.68187235,-1149.47631665,1681.99091508,951.705669951,267.726131991,overly_attached_girlfriend
7734.62390987,4336.57135344,26197.8404279,8958.6144367,-2641.4776606,-3051.39058111,-793.684519086,6033.23773395,2752.66173121,socially_awkward_penguin
2208.92694178,-16241.0478409,10006.7604264,-3848.76412716,8411.44244822,-1477.3591714,-8293.85428642,832.770047129,-3176.31602937,overly_attached_girlfriend
-26004.5897336,6093.68523271,-4251.1422492,7016.19535524,-2936.60490308,-49.0322656269,1311.35057238,1537.8058182,3514.58206845,unpopular_opinion_puffin
-6363.28363073,20024.605323,4391.08297547,-1484.9214195,7670.4821611,876.252361253,-6126.38235478,-7319.22097448,-9388.05548711,high_expectations_asian_father
2620.3550013,15214.3700756,2741.59754913,-8451.51271268,-12769.7572048,-8884.26876999,-5382.94676219,528.942455297,5797.13155588,bad_luck_brian
15229.3345069,-2431.01881274,-4349.60241838,-3625.51504898,-9730.06521368,4998.12789276,-3400.45257998,7623.93284276,-3157.81485605,college_liberal
-1356.54521359,10760.8191833,-9253.21690717,4075.97467989,7756.69341009,-9978.47727779,-2297.2685565,4717.11335856,-1781.40276847,paranoid_parrot
19445.8227743,-11916.9748434,-8069.321866,16430.2767564,-1797.15904149,-2664.9341781,-8245.58473805,-8674.58625369,750.161766431,advice_god
4184.25266151,7550.68276016,29705.0266593,13734.7269654,-667.188973558,-1050.87195459,1649.34668274,5450.04315049,2147.95886811,socially_awkward_penguin
14994.3914647,-1912.84925496,-4908.57094935,-4649.89721288,-10632.6437144,4564.88945242,-5383.79236132,6932.67431326,-2198.81948968,college_liberal
4952.49515642,8148.36604657,28871.7315368,13675.7752838,-1594.51889803,-852.747096188,1745.25815326,5541.38892336,3179.74564712,socially_awkward_penguin
9446.04454875,-2929.04002108,-965.423386482,3571.05896607,9033.82981734,-5221.17711722,7100.95806786,-1828.51306408,-3876.37786132,religion_pigeon
-28288.4007117,-8242.97440324,2158.23475829,-2995.51106682,2469.81395601,1524.18367206,1771.92556549,-3364.00515193,2976.7178289,unpopular_opinion_puffin
-13858.3471286,1164.18058449,-13312.8271312,5063.92327799,5537.62394411,-14190.1922524,-5334.37254711,15655.7230726,-402.457456537,paranoid_parrot
10398.9535563,-6776.26635875,197.587918446,-5658.95408607,2353.18239682,552.348321739,-33.9268429322,3264.64451533,-1406.32286031,overly_attached_girlfriend
10564.9061705,5645.94343761,-7876.08188834,1017.43604086,-7340.52471209,7380.87629529,2808.41555634,-17.5160955292,10352.8293485,business_cat
-295.945105733,12598.5500111,6827.13384521,-995.083225262,-2507.77015844,4493.24807335,-3005.67390956,-930.41870922,2518.73085672,religion_pigeon
-5529.92374576,16527.8761981,4290.12626243,-1579.53947998,5325.18656959,3812.87365949,-5510.51877936,-3829.0976764,-11673.9429056,high_expectations_asian_father
19935.1181059,-12694.8228857,-7790.49422867,17336.7471292,-1518.45134295,-2262.51460377,-7885.76468779,-8992.23664922,1316.38755633,advice_god
-10762.7551242,-530.731406448,-1018.33142544,4757.28107063,6460.79163509,-951.765560962,3723.68316401,-3393.85388914,4650.80151601,lazy_college_senior
-1192.80332847,14011.3245845,-6521.39893903,-1676.72000113,5416.80638095,1128.46780601,1936.78777304,-2287.6719767,-100.637002404,good_guy_greg
17945.309811,-11109.4137599,-943.90731854,2376.66116037,2478.80106325,2409.01001155,3803.90670014,1231.37207349,-1132.74449703,minor_mistake_marvin
-3537.36759897,-11131.7386873,654.003941367,-3268.38472699,4214.7759401,229.595031291,7114.45176911,1668.25179532,2576.31735067,evil_toddler
-1531.83489862,8409.17754936,-8857.2053973,3973.69307682,8733.34378122,-9966.29425958,-3084.99698003,6037.82426616,-2848.55119808,paranoid_parrot
11350.3657993,1158.49638031,-2380.79726739,-8072.57525512,-8845.32285572,-9475.50923064,7547.67064674,-7995.59369583,5473.71877617,sheltered_college_freshman
-31367.7002593,-4758.60577214,-3589.05535992,6399.58081811,-10389.3985043,7151.64837899,4755.29789378,2596.07288258,-7420.32963967,unpopular_opinion_puffin
-34001.7254006,-4913.06868865,-2888.21592923,4734.3498541,-9600.42295921,567.567782685,622.468854902,-4271.00350541,-3102.47569452,bad_joke_eel
3974.41445621,11215.5778226,729.266212689,-3647.35315945,2269.89067387,563.795989848,260.676627983,-1276.32933178,-1580.83314681,confession_bear
49.3916904709,12794.7811085,-6524.29723494,772.332650303,6483.34944111,1493.62101314,7529.77513431,-2112.96156444,752.182517091,good_guy_greg
-33742.8177931,-4101.26958986,-2714.1539103,4671.41651042,-9353.4092549,627.294598568,1298.79254986,-6005.52717451,-2450.09355283,bad_joke_eel
18695.1086568,-13829.8061137,3134.06170829,-4981.44435231,1898.91042629,2377.50953525,3184.76698831,1963.01597309,-6035.32182486,first_day_on_the_internet_kid
-21759.2273382,-17138.0028518,9056.01800245,-7723.8600944,4500.78955134,-1032.70080366,-10759.0009348,-494.269349665,3.41765496795,sudden_clarity_clarence
-16718.0165602,3866.26766216,-7157.98127396,2290.13766988,4251.23019654,-1683.4964163,8243.41830224,2365.59075366,2841.74366578,good_guy_greg
3358.01757028,12935.614074,-550.945981228,-2137.74305395,4059.61955849,1036.33499747,4229.33734056,-2226.78821918,2607.19528719,confession_bear
4942.11598588,7777.14702924,29239.049309,14094.3044186,-1847.49610508,-1519.26912047,2929.57919548,4933.1378454,3578.30235681,socially_awkward_penguin
-5677.30546859,19658.9469239,3461.69132725,395.874786853,6153.01211563,1115.19695789,-6053.10284961,-6212.95697135,-8526.66720685,high_expectations_asian_father
17751.206573,-9703.40178403,-1114.9502582,-788.420464862,-352.855354852,2800.12932912,3014.50058976,3113.02888105,-1773.30996761,minor_mistake_marvin
12276.1026974,-5854.07426394,-4897.39551467,2939.42481258,1350.09160994,1775.96301857,-86.1608855191,1923.18910942,667.76562004,overly_attached_girlfriend
14683.4945168,-1750.53571683,-5104.92091691,-4681.94264138,-10670.4831329,4797.21580152,-4449.29509451,6989.6342394,-1663.19153493,college_liberal
10172.904342,-4174.96882979,-1926.95394275,2688.82804095,8481.33715427,-4311.7747138,7095.30510936,-2085.15296179,-5541.24991054,religion_pigeon
20334.7262484,-15069.9967349,2352.99714876,-1944.94528944,-668.993063155,2648.06092559,5134.26587336,1433.87021168,-3372.977035,first_day_on_the_internet_kid
-710.419388251,13868.4668955,-6791.84245672,-1385.61949682,4880.27387928,685.256039989,4790.21703971,-2323.62188428,1091.23118771,good_guy_greg
1818.07002059,13282.2867151,-830.100628159,-827.071381914,3056.02736272,5589.88883936,-2845.5660993,74.8856760741,-5769.18298314,philosoraptor
-16578.6048607,-12623.0209546,4470.05117644,-4704.78523479,8547.56983728,-2790.64201656,7500.54483853,-6829.7364281,5721.7017596,lazy_college_senior
9611.55859254,-8486.49341714,2524.40333443,-8675.56966033,2289.22751724,1635.51251914,-2199.38566705,3170.08580795,-3196.78485639,minor_mistake_marvin
19603.1415591,-11722.3805395,-8966.7650772,18147.1557162,-1795.05538061,-3155.09435389,-8701.7994951,-10432.6687332,2056.6544141,advice_god
-35102.6536532,-8277.82131942,7577.68287145,-8156.98217122,1000.97002474,-5136.42428663,337.821066474,-6596.38407142,-2369.98757816,sudden_clarity_clarence
17525.8743726,-9687.72435977,-1240.34302802,2016.3283831,1217.9466943,1733.02138602,2652.91281509,1166.86128998,-779.699534993,minor_mistake_marvin
2721.62730919,10168.7881701,-7736.32926864,-1413.90350453,5344.30222191,16808.7037902,-4072.5913505,1408.26764919,14721.2076253,business_cat
2538.75825768,10337.2641386,148.110143914,-2600.51163006,3687.46070662,6385.6654853,-4297.05922049,1592.70235003,-6767.00190671,philosoraptor
792.467186935,10288.9241945,-6817.4190462,5331.41567425,5263.00354575,15059.0827417,351.808575204,464.508329835,12158.5968721,business_cat
2450.44030767,11264.7016976,283.974994446,-1594.85436022,3543.19802701,5307.86759013,-3791.0483929,481.890135018,-5492.95699241,philosoraptor
18168.863133,-12423.1011371,2716.81530871,-4278.04904211,872.915002065,1963.18576778,2396.07834593,1359.36132654,-5787.78407978,first_day_on_the_internet_kid
-29916.6410153,-5786.35303935,-4271.98933534,3565.60697601,-8783.14253271,5144.36719967,4735.45982319,4001.67904602,-3558.20750735,unpopular_opinion_puffin
2078.48099855,12742.0266634,-576.682646721,-969.698540953,3640.51510724,5756.84637606,-3085.59539428,132.347298255,-5852.08200355,philosoraptor
-10.858850066,13532.4906802,-6163.13428775,-1435.51909844,4936.78097921,1937.05672647,2488.66984973,-1108.48267074,-1741.64847599,good_guy_greg
11366.103204,1241.01242917,-2596.90462861,-8474.65201201,-9199.16785817,-9562.82394227,7761.28056836,-7992.80237504,5268.25481694,sheltered_college_freshman
-3293.69502326,-9956.98733618,-2077.95367348,2158.41974485,3155.48882967,-903.421719491,12050.0840667,769.735879055,2259.3041905,evil_toddler
-701.911630333,12212.1875403,-10439.6276352,4641.09952177,7572.86773129,-10718.2949707,-3475.07331759,4529.23107683,327.368453744,paranoid_parrot
14700.4110118,-1158.65242966,-5239.03820429,-3905.62360788,-11047.6315713,4609.34894645,-4458.37410913,6883.31754381,-1306.46019234,college_liberal
7573.15596771,3638.06788688,19906.7643142,18507.6561315,-371.182066604,-952.258422541,4642.35752453,316.055419918,2669.71939199,socially_awkward_penguin
-23676.9544841,4970.0994347,-5307.49303996,6688.8684581,-3239.67454695,542.793442423,2905.96316974,2966.52062595,2106.82076003,unpopular_opinion_puffin
2154.8999461,12361.5513384,-311.444669206,-1759.73844967,3281.33810264,6120.99455948,-4149.69975914,592.825864718,-6461.84634202,philosoraptor
14678.3206423,-1662.61060666,-5246.95151583,-4953.37815449,-11024.4229838,4491.41174042,-6153.35081688,7175.27656262,-1846.76969903,college_liberal
-22362.4383322,-19591.9133548,9791.62033087,-13882.5419633,7034.22167042,-853.731800036,-15453.7870966,-1737.99095007,4041.33581785,sudden_clarity_clarence
14967.2978473,-1858.76418336,-5030.98330207,-4221.41221302,-10415.5802631,4894.68951682,-4520.63971354,6937.67966314,-1767.469055,college_liberal
18870.9754203,-10992.3257219,-8139.30969876,17447.7506949,-1699.76148585,-2282.73670283,-7324.09025211,-9631.70872505,1579.72715424,advice_god
4547.31001186,8384.09722583,27739.8575244,13134.1624787,-1915.80564856,-798.418181798,1689.78924326,4786.16003207,2379.41845404,socially_awkward_penguin
11251.5624383,2154.10988942,-3446.54485954,-9173.1599632,-9289.21662784,-9362.51995341,8129.43742602,-8312.17541244,4599.43509495,sheltered_college_freshman
-32537.295825,-3392.83358071,-2807.58421142,5376.67209107,-8551.8221717,1899.78389538,3346.25166651,-4969.75408006,-1588.33389582,bad_joke_eel
1499.70690784,14202.781704,4914.98573969,-9433.9789163,-9552.78791718,-9035.14273151,-5789.27750325,203.03862912,4244.76003573,bad_luck_brian
18635.2701717,-11287.2488112,-7126.01186737,16438.6982019,-965.834139649,-1901.85060311,-8496.7956343,-7766.0447634,1610.20502821,advice_god
18044.3926887,-11355.6034669,505.86641448,-2417.20636079,-586.425142289,3879.46761857,2711.00309149,3986.4375773,-2353.82091972,minor_mistake_marvin
-1011.88856632,-14096.6278827,1827.42895297,-1845.43115943,5338.97971185,-859.103410916,8203.41293724,2273.96716825,630.57816942,evil_toddler
-27585.6295812,-13989.8421717,2412.64296544,-2189.02671842,5849.17245175,230.249136659,699.012386559,-5426.66663516,6852.48511023,sudden_clarity_clarence
-15586.3409839,408.945236404,-14398.4464085,6015.56631452,5828.15975212,-16533.8492262,-3751.0596597,16408.1688554,-546.552036747,paranoid_parrot
-12917.9994318,-16143.8740181,4456.26050806,-2713.57783812,6246.33825058,-667.017524433,11299.8516518,-3827.89470407,2561.25852081,lazy_college_senior
3997.5359456,12833.3554186,3700.70472759,-9286.72046904,-11698.9845593,-7670.96074272,-4298.28197269,734.578497708,4482.71463114,bad_luck_brian
4547.18239253,8996.84832032,234.896283296,-1894.62704772,2220.40138376,5546.50367057,-1506.1208454,1330.44438253,-5475.78791597,philosoraptor
6767.64875505,7074.15819066,946.845556635,-5471.76203585,925.479708045,-904.488697638,1301.01209968,-1688.87220604,3179.76083783,confession_bear
20982.7955276,-18787.4583155,3239.72398524,5210.70296399,-212.387598921,2523.24358449,-378.878085877,3546.85057061,-326.404388336,overly_attached_girlfriend
-14180.8811465,-120.76395427,-12463.9354417,6511.47070617,6091.30216697,-15457.4886299,-1701.19339501,14690.7155669,3711.32532475,paranoid_parrot
3027.24442353,10361.0748711,481.194382905,-2348.33187337,3864.20169807,6457.01775174,-3112.12083912,1779.37890134,-6950.56472127,philosoraptor
-22614.489559,-18826.1562753,10162.9794549,-13132.2450181,7793.96759266,-2457.58967943,-14844.7921877,-1097.85509716,3102.41035976,sudden_clarity_clarence
973.280639397,12202.8426745,4447.34263032,-1338.04794756,3294.59144575,-1904.58938255,-1029.39178507,-5249.46777866,-6266.321736,high_expectations_asian_father
-10626.1595304,-4568.08733443,25730.5792043,11805.452419,-9279.59128925,6725.91251277,2953.40161325,-1558.79685798,2683.5731945,socially_awkward_penguin
-35694.9190257,-2767.60794516,-3146.93927419,4754.85153211,-8601.57915888,-1069.64624241,975.824135185,-6701.53549373,-1749.93300473,bad_joke_eel
3884.98270344,14424.4752096,2714.56876885,-7375.7749824,-10028.5996396,-6376.13049111,-272.153282835,-1018.70082833,6121.10902738,bad_luck_brian
12274.4061413,-233.162046321,-2291.23823299,-9532.22157134,-8506.9064382,-6880.63271067,6872.87364407,-5398.59495889,1862.10473157,sheltered_college_freshman
18803.7019943,-13272.5906357,2944.08483369,-4678.9820747,2266.28169382,2794.9924698,3164.56376599,1659.04608517,-6144.15438274,first_day_on_the_internet_kid
7113.54135086,5261.59090412,25785.6028787,9491.88290797,-2767.87535763,-2572.79245449,-293.519783351,4731.25066685,3807.06581397,socially_awkward_penguin
19216.5778219,-11253.7288306,-7963.87219624,16084.0592583,-1527.42565173,-1976.22315858,-7455.98499152,-7661.77606226,767.417333297,advice_god
-31846.8095229,-9097.19453729,-1653.28114119,4492.28888004,-7104.14972302,3069.65930556,1511.61066707,-2647.50649091,-4572.18880771,bad_joke_eel
11685.630726,837.295949592,-2574.48006987,-8635.4956041,-8715.74570883,-9151.93408536,7937.10506533,-7563.67440967,3881.94546071,sheltered_college_freshman
11348.0590165,1408.5761259,-3087.56308568,-9012.41689573,-9242.60687045,-9102.96993252,7990.9740441,-8030.46283411,4099.90853599,sheltered_college_freshman
-15680.2826492,666.809891257,-13347.8430308,7310.62695845,7857.84416799,-16522.1369808,-1047.82269693,15674.9295606,4016.84983509,paranoid_parrot
-560.908818483,13669.5813739,-6470.53800797,-975.171750718,6338.70222479,2718.06376563,5079.43774708,-1081.79181323,820.068044584,good_guy_greg
-260.992895344,11731.4163325,-6088.76673262,-1712.13762269,3606.04796173,2348.99671823,2199.31613303,413.676143911,-3113.016744,good_guy_greg
3922.03846417,10765.623904,622.457633762,-2807.15102601,3389.31721268,250.146993563,2365.15597141,-1596.20300831,561.872954841,confession_bear
4787.34814755,4155.09969217,-949.64704084,-4583.5084274,2514.63268775,-3615.81884551,6695.20964005,-5750.9216605,-4688.10801946,sheltered_college_freshman
4174.45052165,8164.5673252,29535.3389506,14804.623622,-1278.77277496,-1453.62376338,2618.64078479,5485.29040275,2339.79799086,socially_awkward_penguin
15228.5488179,-3371.18675111,-3884.58166364,-4484.57727906,-9758.22968515,4677.0846989,-4601.73273067,7477.71002295,-2940.15955538,college_liberal
2613.54369749,11858.0132419,27123.1635867,13402.0978829,-2310.13255102,-1777.52559008,1383.45336039,4167.69753363,6073.10934583,socially_awkward_penguin
3334.65940227,14315.8662825,3558.94604318,-8446.24797768,-11287.5567104,-9335.93265152,-3965.15099801,840.45943753,4310.153723,bad_luck_brian
173.662334689,-14905.0946574,1489.24757653,-2298.87166231,6056.95289609,-286.160165514,8993.52953936,2627.58489358,1169.09059795,evil_toddler
-531.528875009,12339.2489542,-6041.84800979,-1111.21690473,4504.90690813,2263.15228051,1932.43362696,5.78917970832,-3239.00083999,good_guy_greg
4546.39951082,7607.94777161,27207.2055855,11893.8096565,-2311.76340361,-311.22120196,434.072685713,5338.78549992,2833.02422659,socially_awkward_penguin
-32998.3159014,-3918.62791392,-5723.9990066,6249.48459182,-9624.75659957,5534.7505733,3604.8639237,3872.4513626,-1319.71946543,unpopular_opinion_puffin
18907.7420913,-10158.1422106,-8810.46385971,17002.1144606,-2476.88187907,-3716.12940296,-9775.63104144,-10089.8925889,1344.64766141,advice_god
-1012.93443625,11053.9522605,-10039.9127814,2962.81619482,6465.4883776,-10692.456165,-7192.49878417,5686.23575301,-471.466454989,paranoid_parrot
18011.3503986,-11357.745674,-1281.91550501,1928.84397193,1859.57150115,2947.00733534,4429.69361274,1743.94395742,-1558.04017301,minor_mistake_marvin
18757.1633018,-13544.4336172,3084.17370803,-4555.36456848,1893.92064718,2614.50443245,3441.57844566,1954.29640371,-6860.33394186,first_day_on_the_internet_kid
-15903.4085417,1544.14256094,-13985.0088866,5475.95610614,6066.8882516,-16119.5883062,-2440.10519841,13092.1463109,1594.3036694,paranoid_parrot
5097.58807279,7897.29354137,29669.4021815,14175.1857914,-1244.33064088,-1312.49569915,1835.72123384,5914.84556456,3704.51590114,socially_awkward_penguin
-898.193746101,-13629.0596099,1194.72358049,-2700.02524509,5929.05521987,-806.780682537,8198.40029088,1432.33216646,2185.84501006,evil_toddler
18222.5348581,-12329.9879055,2611.35158156,-4249.39069894,972.09748457,1791.71897511,3106.32897705,689.077973943,-5927.43570738,first_day_on_the_internet_kid
-1438.0883492,16895.4559352,-7642.27906072,-1023.47450525,6373.64394463,877.54801248,4159.15254337,-4431.29972721,4007.00743191,good_guy_greg
2930.51358733,8344.14060061,-5937.60258929,-359.40346135,5020.28913708,15311.4799809,-4468.44707649,2888.02041836,11291.1837442,business_cat
17880.6090981,-11607.2614637,2291.64759761,-3742.48891233,340.967814678,1612.74442518,3102.13227143,1231.3730815,-6172.47459821,first_day_on_the_internet_kid
4510.85978892,7852.66378885,2018.58336379,-2739.93819072,4943.37025408,-509.799771292,995.194643913,-1895.16959448,-1702.57445768,confession_bear
2463.63338152,14454.7303174,4598.16481699,-9506.17145279,-9831.98084094,-9275.28833229,-5537.08609038,-1098.86213872,5970.27910281,bad_luck_brian
-27564.9871036,-4595.91320933,-5534.06138237,6624.29168015,-10304.594556,8674.47946195,7989.4276157,5038.26630006,-6778.23991662,unpopular_opinion_puffin
18094.3664571,-12483.0182942,2722.29385334,-4323.0866726,858.230996178,1235.12718102,2718.45265836,1066.90278684,-5587.99522507,first_day_on_the_internet_kid
-21211.7621567,-18442.438554,10087.1659751,-13501.6183441,7167.07295572,-495.044635084,-15646.7613115,-2035.03304583,3427.25536975,sudden_clarity_clarence
-6219.4258716,20970.7280027,3046.19395332,1472.70648473,6291.88910218,-1584.28377162,-3869.33547603,-8313.18196614,-8251.30556352,high_expectations_asian_father
3647.85178569,11227.1210518,-2523.44878152,-1.06928646517,3157.30652699,1156.03457392,3677.10949549,-1683.393335,1498.7550819,confession_bear
10976.3329938,1747.23968776,-3264.27911157,-8978.39520358,-9311.25627891,-8694.14600566,7089.19550872,-7123.04785153,3460.16972932,sheltered_college_freshman
5995.79344822,8848.67941123,879.4030666,-3694.74287098,2644.42839121,247.120196194,5088.46927656,-1461.94863327,781.433088282,confession_bear
-10742.9878491,-16772.4008884,4947.14646238,-3394.2207865,6523.95746179,-539.783098056,8595.13482836,-1810.95482725,1963.22017863,lazy_college_senior
-1230.69705659,15923.5278092,3550.75124567,-1197.05937363,3968.85495219,2236.70819832,641.813558106,-5578.85826016,-7415.92463668,high_expectations_asian_father
-30505.8321202,-2962.72268936,-5152.48259112,4918.07696455,-9345.52055708,6557.00101378,3924.57723615,3351.19267399,-4330.23464367,unpopular_opinion_puffin
-16145.8972887,456.556091158,-14619.0876511,6523.01695662,5964.71805712,-16549.6299576,-3536.40471061,17109.3849763,-644.156560704,paranoid_parrot
-10672.6283861,18081.0050918,7079.47371869,-2033.16991466,4481.3435609,-3075.36193759,713.463422487,-4640.99297804,1588.44131722,bad_luck_brian
18739.3926022,-9112.82642244,-9383.79926243,18978.9675555,-2507.34767247,-3177.62260661,-10839.1139379,-10632.0670311,3553.42304287,advice_god
3365.55444357,13182.7390014,3161.15664221,-8704.63152228,-12661.740384,-6742.67836275,-4071.39721841,1391.76683392,3749.2610289,bad_luck_brian
18255.3848656,-11238.466172,-595.663936433,-1493.19984798,-35.5515535926,3051.53363827,2104.03078329,3902.09004111,-1794.40105982,minor_mistake_marvin
12260.2767983,-35.3909761008,-2518.51885556,-8964.70284625,-8704.2210922,-6971.01198215,7262.07998715,-4972.69100522,1321.99157052,sheltered_college_freshman
18783.1144662,-12616.8448603,456.6327668,-1605.88280534,460.335863643,3682.05549913,2316.03269545,4760.75020133,-3144.57306248,minor_mistake_marvin
2190.95970834,15275.7281994,4493.39537082,-9247.26139213,-9082.29172816,-8198.54082005,-3446.18568197,-926.414143754,6506.74380391,bad_luck_brian
-15821.4348463,-12815.4243348,5596.9563919,-5945.53115993,8036.812314,-3473.5796017,7395.48131911,-6825.75576265,6234.17651645,lazy_college_senior
4171.3384102,8193.51342761,27739.3622781,13255.5083648,-1684.92714401,-656.330000794,1758.12210178,4999.17096837,2305.7585434,socially_awkward_penguin
-210.126930344,12507.2088009,-6016.52848795,-986.864143957,4351.78842158,2116.72939451,3169.36998429,-565.342728307,-2347.27180557,good_guy_greg
-7830.50686806,20722.01862,2727.48898126,1308.81222822,7145.27778736,892.5131046,-4116.27154505,-7818.65213197,-7168.96411241,high_expectations_asian_father
9151.91658832,-2317.6062903,-3006.24726398,2785.23063504,8556.50466116,-4191.59327841,7529.79176071,-4154.9489569,-2831.76805702,religion_pigeon
10444.9892031,-4123.00916568,-4243.02854066,-3996.63125166,-645.127817346,-3440.21001734,1664.2463166,-77.051148333,4396.00578693,overly_attached_girlfriend
14197.235012,-3574.41479454,-2109.19115345,1730.09671821,1125.4572202,1653.22718011,903.100365251,1507.61287993,4314.73239393,overly_attached_girlfriend
18446.1014096,-13127.962473,2889.93945161,-4473.43710087,1653.91825615,2029.13114755,2995.37426446,1199.45831865,-6002.66709753,first_day_on_the_internet_kid
-32244.5929981,-4672.82839494,-1454.67575851,3592.71338398,-6314.59906222,120.654720291,1550.72210836,-5541.31876385,-2059.64882993,bad_joke_eel
3993.75222156,7880.42701112,-7381.96865558,343.677423528,6095.57310244,16328.3629013,-27.5250843841,1811.24364736,13713.7593764,business_cat
